{"cameraMode":{"drawMode":0,"name":"Shaded","section":"Shading Mode"},"sceneLighting":false,"audioPlay":false,"sceneViewState":{"m_AlwaysRefresh":false,"showFog":true,"showSkybox":false,"showFlares":true,"showImageEffects":true,"showParticleSystems":true,"showVisualEffectGraphs":true,"m_FxEnabled":true},"in2DMode":false,"pivot":{"x":0.30573129653930666,"y":-0.050822895020246509,"z":-0.2533438503742218},"rotation":{"x":-0.025448478758335115,"y":-0.9739887714385986,"z":0.1415390819311142,"w":-0.17511741816997529},"size":0.5164544582366943,"orthographic":false}