{"cameraMode":{"drawMode":0,"name":"Shaded","section":"Shading Mode"},"sceneLighting":true,"audioPlay":false,"sceneViewState":{"m_AlwaysRefresh":false,"showFog":true,"showSkybox":true,"showFlares":true,"showImageEffects":true,"showParticleSystems":true,"showVisualEffectGraphs":true,"m_FxEnabled":true},"in2DMode":false,"pivot":{"x":21.395721435546876,"y":-4.809612274169922,"z":24.725191116333009},"rotation":{"x":0.21063455939292909,"y":0.22894805669784547,"z":-0.05089462548494339,"w":0.9491682648658752},"size":17.808448791503908,"orthographic":false}